================================================================================,,,,,,,,,,,,,,
SECTION 1: ORDERED BY MODEL CAPABILITY / POWER,,,,,,,,,,,,,,
================================================================================,,,,,,,,,,,,,,
Rank,Provider,Model Name,Model String,Status,Success,Reasoning,Vision,Context Window,Latency (s),Blended Cost ($/1M tokens),Input Cost ($/1M),Output Cost ($/1M),Capability Score,Notes
1,Anthropic,Claude Opus 4,claude-opus-4-20250514,Success,Yes,Yes,Yes,200000,2.041,$25.91,15,75,Premium,Top-tier: Best reasoning + vision + largest context. Most expensive but highest capability.
2,Anthropic,Claude Sonnet 4,claude-sonnet-4-20250514,Success,Yes,Yes,Yes,200000-1000000,1.757,$5.18,3,15,High,"Extended context (up to 1M tokens), strong reasoning + vision, excellent cost/performance."
3,OpenAI,GPT-4.1,gpt-4.1,Success,Yes,Yes,Yes,1000000,0.35,$2.33,2,8,High,"Massive 1M context window, advanced reasoning + vision, fastest high-capability model."
4,OpenAI,GPT-4o,gpt-4o,Success,Yes,Yes,Yes,128000,0.553,$2.94,2.5,10,High,"Proven multimodal model (text/image/audio), strong instruction following."
5,Anthropic,Claude Sonnet 3.7,claude-3-7-sonnet-20250219,Success,Yes,Yes,Yes,200000,1.146,$5.18,3,15,Medium-High,"Older but capable reasoning + vision model, faster than Sonnet 4."
6,OpenAI,o3,o3,Success,Yes,Yes,No,200000,1.745,$6.55,2,8,Medium-High,Specialized reasoning model. No vision. NOW AVAILABLE with max_completion_tokens.
7,OpenAI,o4-mini,o4-mini,Success,Yes,Yes,Yes,200000,2.656,$3.61,1.1,4.4,Medium,Lightweight reasoning + vision. NOW AVAILABLE with max_completion_tokens.
8,OpenAI,o3-mini,o3-mini,Success,Yes,Yes,No,128000,1.91,$3.27,~1.00,~4.00,Medium,Smaller reasoning variant. No vision. NOW AVAILABLE with max_completion_tokens.
9,OpenAI,GPT-4o-mini,gpt-4o-mini,Success,Yes,Yes,Yes,128000,0.949,$0.17,0.15,0.6,Medium,"Budget version of GPT-4o, maintains reasoning + vision at 94% cost reduction."
10,Anthropic,Claude Haiku 4.5,claude-3-5-haiku-20241022,Success,Yes,No,No,200000,0.508,$1.73,1,5,Medium,"Lightweight model with reasoning only, very fast, cost-efficient."
11,OpenAI,GPT-3.5-Turbo,gpt-3.5-turbo,Success,Yes,No,No,16384,0.696,$0.56,0.5,1.5,Low,"Text-only baseline, no reasoning/vision. Fast but limited capability."
12,OpenAI,GPT-5,gpt-5,Model not found,No,Yes,Yes,1000000,0,Unknown,Unknown,Unknown,Unavailable,Next-gen flagship - not yet available. Requires org verification or doesn't exist.
,,,,,,,,,,,,,,
================================================================================,,,,,,,,,,,,,,
SECTION 2: ORDERED BY COST (CHEAPEST TO MOST EXPENSIVE),,,,,,,,,,,,,,
================================================================================,,,,,,,,,,,,,,
Rank,Provider,Model Name,Model String,Status,Success,Blended Cost ($/1M tokens),Input Cost ($/1M),Output Cost ($/1M),Latency (s),Reasoning,Vision,Best Use Case,,
1,OpenAI,GPT-4o-mini,gpt-4o-mini,Success,Yes,$0.17,0.15,0.6,0.949,Yes,Yes,"BEST VALUE: Bulk operations, high-volume VLM processing, cost-sensitive reasoning tasks",,
2,OpenAI,GPT-3.5-Turbo,gpt-3.5-turbo,Success,Yes,$0.56,0.5,1.5,0.696,No,No,Simple text tasks only - no reasoning/vision capability,,
3,Anthropic,Claude Haiku 4.5,claude-3-5-haiku-20241022,Success,Yes,$1.73,1,5,0.508,Yes,No,"Fast reasoning without vision, lightweight text analysis",,
4,OpenAI,GPT-4.1,gpt-4.1,Success,Yes,$2.33,2,8,0.35,Yes,Yes,"Massive context (1M tokens), advanced reasoning + vision, excellent speed, fastest high-capability",,
5,OpenAI,GPT-4o,gpt-4o,Success,Yes,$2.94,2.5,10,0.553,Yes,Yes,"Production-proven multimodal, audio support, strong instruction following",,
6,OpenAI,o3-mini,o3-mini,Success,Yes,$3.27,~1.00,~4.00,1.91,Yes,No,"NEW: Budget reasoning model, no vision, 50% cheaper than o4-mini",,
7,OpenAI,o4-mini,o4-mini,Success,Yes,$3.61,1.1,4.4,2.656,Yes,Yes,"NEW: Mid-range reasoning + vision, specialized deep thinking tasks",,
8,Anthropic,Claude Sonnet 4,claude-sonnet-4-20250514,Success,Yes,$5.18,3,15,1.757,Yes,Yes,"BEST BALANCE: Extended context (up to 1M), high capability at mid-tier cost",,
9,Anthropic,Claude Sonnet 3.7,claude-3-7-sonnet-20250219,Success,Yes,$5.18,3,15,1.146,Yes,Yes,"Same cost as Sonnet 4 but faster response, proven reliability",,
10,OpenAI,o3,o3,Success,Yes,$6.55,2,8,1.745,Yes,No,"NEW: Full reasoning model, no vision, similar cost to GPT-4.1",,
11,Anthropic,Claude Opus 4,claude-opus-4-20250514,Success,Yes,$25.91,15,75,2.041,Yes,Yes,"PREMIUM: Maximum capability for critical tasks, complex reasoning requirements",,
,,,,,,,,,,,,,,
================================================================================,,,,,,,,,,,,,,
SECTION 3: ANALYSIS & RECOMMENDATIONS (UPDATED WITH O-SERIES MODELS),,,,,,,,,,,,,,
================================================================================,,,,,,,,,,,,,,
,,,,,,,,,,,,,,
EXECUTIVE SUMMARY,,,,,,,,,,,,,,
-----------------,,,,,,,,,,,,,,
Total models tested: 12,,,,,,,,,,,,,,
Successfully validated: 11 (92%),,,,,,,,,,,,,,
Failed/Unavailable: 1 (8%),,,,,,,,,,,,,,
Total test cost: $0.001829,,,,,,,,,,,,,,
,,,,,,,,,,,,,,
,,,,,,,,,,,,,,
CAPABILITY TIERS (UPDATED),,,,,,,,,,,,,,
---------------------------,,,,,,,,,,,,,,
[PREMIUM TIER] - Maximum capability for critical production workloads,,,,,,,,,,,,,,
- Claude Opus 4: $25.91/1M tokens | Best-in-class reasoning + vision,,,,,,,,,,,,,,
  * USE WHEN: Complex entity/edge extraction, ambiguous documents, critical accuracy needs,,,,,,,,,,,,
  * AVOID WHEN: High-volume operations (cost prohibitive at scale),,,,,,,,,,,,,,
,,,,,,,,,,,,,,
[HIGH CAPABILITY] - Production-ready with excellent cost/performance balance,,,,,,,,,,,,,,
- Claude Sonnet 4: $5.18/1M tokens | Extended context (1M tokens), strong multimodal,,,,,,,,,,,,,
  * RECOMMENDED FOR: Graph DB extraction, claims processing, document assembly,,,,,,,,,,,,
  * WHY: 5x cheaper than Opus with 95% of capability + massive context window,,,,,,,,,,,,,,
,,,,,,,,,,,,,,
- GPT-4.1: $2.33/1M tokens | 1M context, fastest high-capability (0.35s),,,,,,,,,,,,,
  * RECOMMENDED FOR: Large document processing, context-heavy reasoning,,,,,,,,,,,,,
  * WHY: Cheapest high-capability option, fastest response times,,,,,,,,,,,,,
,,,,,,,,,,,,,,
- GPT-4o: $2.94/1M tokens | Proven multimodal (text/image/audio),,,,,,,,,,,,,,
  * RECOMMENDED FOR: VLM processing, image classification,,,,,,,,,,,,,
  * WHY: Production-proven, handles audio + vision, strong instruction following,,,,,,,,,,,,
,,,,,,,,,,,,,,
[NEW: REASONING TIER] - Specialized reasoning models (o-series),,,,,,,,,,,,,,
- o3: $6.55/1M tokens | Full reasoning power, no vision, 1.75s latency,,,,,,,,,,,,
  * RECOMMENDED FOR: Complex logical reasoning, mathematical problems, code analysis,,,,,,,,,,,,
  * WHY: Deep thinking capability, specialized reasoning,,,,,,,,,,,,,
,,,,,,,,,,,,,,
- o4-mini: $3.61/1M tokens | Reasoning + vision, 2.66s latency,,,,,,,,,,,,,
  * RECOMMENDED FOR: Mid-range reasoning tasks with vision needs,,,,,,,,,,,,,,
  * WHY: Only o-series model with vision capability,,,,,,,,,,,,,,
,,,,,,,,,,,,,,
- o3-mini: $3.27/1M tokens | Budget reasoning, no vision, 1.91s latency,,,,,,,,,,,,
  * RECOMMENDED FOR: Cost-sensitive reasoning tasks without vision,,,,,,,,,,,,,,
  * WHY: Cheapest reasoning model, 50% cost of o4-mini,,,,,,,,,,,,,
,,,,,,,,,,,,,,
[BUDGET TIER] - High-volume operations with acceptable quality trade-offs,,,,,,,,,,,,,,
- GPT-4o-mini: $0.17/1M tokens | 94% cost reduction vs GPT-4o,,,,,,,,,,,,,,
  * RECOMMENDED FOR: Bulk VLM processing, high-volume chunking, image classification,,,,,,,,,,,,
  * WHY: Maintains reasoning + vision at 1/18th the cost of GPT-4o,,,,,,,,,,,,,,
  * PROVEN: Already used successfully in your VLM pipeline,,,,,,,,,,,,,,
,,,,,,,,,,,,,,
- Claude Haiku 4.5: $1.73/1M tokens | Fast reasoning without vision (0.51s),,,,,,,,,,,,,,
  * RECOMMENDED FOR: Text-only reasoning, chunking validation, reference resolution,,,,,,,,,,,,
  * WHY: Fastest Anthropic model, reasoning capability at low cost,,,,,,,,,,,,,
,,,,,,,,,,,,,,
UPDATED COST ANALYSIS,,,,,,,,,,,,,,
----------------------,,,,,,,,,,,,,,
Cost comparison per 1M tokens processed:,,,,,,,,,,,,,,
,,,,,,,,,,,,,,
Scenario 1: Entity/Edge Extraction,,,,,,,,,,,,,,
- GPT-4o-mini (budget): $0.17/1M tokens | Lowest cost option,,,,,,,,,,,,,,
- GPT-4.1 (recommended): $2.33/1M tokens | Best balance of speed + capability,,,,,,,,,,,,,,
- GPT-4o (current): $2.94/1M tokens | Proven, 26% more expensive than GPT-4.1,,,,,,,,,,,,,
- o3-mini (reasoning): $3.27/1M tokens | 40% premium for specialized reasoning,,,,,,,,,,,,,,
- Claude Sonnet 4 (quality): $5.18/1M tokens | 76% premium for highest quality,,,,,,,,,,,,,,
- o3 (deep reasoning): $6.55/1M tokens | 181% premium over GPT-4.1,,,,,,,,,,,,,,
,,,,,,,,,,,,,,
Scenario 2: VLM Processing (vision-intensive),,,,,,,,,,,,,,
- GPT-4o-mini (recommended): $0.17/1M tokens | BEST VALUE - 94% savings vs GPT-4o,,,,,,,,,,,,,,
- GPT-4o (current): $2.94/1M tokens | Production-proven baseline,,,,,,,,,,,,,,
- o4-mini (NOT recommended): $3.61/1M tokens | 21x more expensive than GPT-4o-mini, no benefit,,,,,,,,,,,,,
- ANNUAL SAVINGS with GPT-4o-mini: ~$35-40K at 1M API calls,,,,,,,,,,,,,,
,,,,,,,,,,,,,,
Scenario 3: Claims Extraction (hierarchical reasoning),,,,,,,,,,,,,,
- GPT-4.1 (fast): $2.33/1M tokens | Fastest, good quality,,,,,,,,,,,,,
- GPT-4o (current): $2.94/1M tokens | 26% more expensive,,,,,,,,,,,,,,
- o3-mini (reasoning): $3.27/1M tokens | Budget reasoning option,,,,,,,,,,,,,,
- Claude Sonnet 4 (recommended): $5.18/1M tokens | Best hierarchical structure, 76% premium,,,,,,,,,,,,,
- o3 (deep reasoning): $6.55/1M tokens | Maximum reasoning depth, 181% premium,,,,,,,,,,,,,
,,,,,,,,,,,,,,
Scenario 4: NEW - Complex Reasoning Tasks (specialized),,,,,,,,,,,,,,
- o3-mini (budget): $3.27/1M tokens | Entry-level reasoning,,,,,,,,,,,,,,
- o4-mini (with vision): $3.61/1M tokens | Reasoning + vision capability,,,,,,,,,,,,,,
- o3 (full power): $6.55/1M tokens | Maximum reasoning depth,,,,,,,,,,,,,,
#NAME?, complex logic, multi-step reasoning chains,,,,,,,,,,,,
,,,,,,,,,,,,,,
PIPELINE-SPECIFIC RECOMMENDATIONS (UPDATED),,,,,,,,,,,,,,
--------------------------------------------,,,,,,,,,,,,,,
Based on your RAG_proto_Claude pipeline architecture:,,,,,,,,,,,,,,
,,,,,,,,,,,,,,
1. DOCUMENT INGESTION & VLM PROCESSING,,,,,,,,,,,,,,
   Current: GPT-4o for VLM classification,,,,,,,,,,,,,,
   Recommended: GPT-4o-mini,,,,,,,,,,,,,,
   NOT recommended: o4-mini (overbuilt, 79x more expensive than GPT-4o-mini),,,,,,,,,,,,,
   Impact: 94% cost reduction, maintains vision + reasoning,,,,,,,,,,,,,
   Confidence: 95/100 - Already proven to work in your pipeline,,,,,,,,,,,,,,
,,,,,,,,,,,,,,
2. LLM CLUSTER CHUNKING,,,,,,,,,,,,,,
   Current: GPT-4o,,,,,,,,,,,,,,
   Recommended: GPT-4.1 (FASTEST at 0.35s),,,,,,,,,,,,,,
   Alternative: Claude Sonnet 4 (better hierarchy detection),,,,,,,,,,,,,,
   NOT recommended: o-series (no advantage for chunking, slower + more expensive),,,,,,,,,,,,,
   Impact: GPT-4.1 = 21% savings + 1M context + 5x faster than GPT-4o,,,,,,,,,,,,,,
   Confidence: 92/100 - GPT-4.1 is objectively superior for chunking,,,,,,,,,,,,,,
,,,,,,,,,,,,,,
3. ENTITY/EDGE EXTRACTION,,,,,,,,,,,,,,
   Current: GPT-4o (switched from o1-mini due to issues),,,,,,,,,,,,,,
   Recommended: Keep GPT-4o OR upgrade to Claude Sonnet 4,,,,,,,,,,,,,,
   NEW alternative: o3 for highly ambiguous entity relationships,,,,,,,,,,,,,,
   Impact: Sonnet 4 = 2x cost but potentially fewer errors,,,,,,,,,,,,,,
           o3 = 8x cost but specialized reasoning for complex cases,,,,,,,,,,,,,,
   Confidence: 85/100 - Worth A/B testing Sonnet 4,,,,,,,,,,,,,,
              70/100 - o3 only for documents with complex ambiguous entities,,,,,,,,,,,,,,
,,,,,,,,,,,,,,
4. CLAIMS EXTRACTION (HIERARCHICAL),,,,,,,,,,,,,,
   Current: GPT-4o,,,,,,,,,,,,,,
   Recommended: Claude Sonnet 4 (best hierarchical reasoning),,,,,,,,,,,,,,
   NEW alternative: o3 for maximum reasoning depth,,,,,,,,,,,,,,
   Impact: Sonnet 4 = 2x cost, better hierarchical structure,,,,,,,,,,,,,
           o3 = 8x cost, deepest reasoning for complex claim trees,,,,,,,,,,,,,
   Confidence: 88/100 - Claude models excel at hierarchical structure,,,,,,,,,,,,,,
              75/100 - o3 justified only for deeply nested claims,,,,,,,,,,,,,,
,,,,,,,,,,,,,,
5. VECTOR EMBEDDINGS,,,,,,,,,,,,,,
   Current: OpenAI text-embedding-3-large,,,,,,,,,,,,,,
   Recommended: Keep current (embeddings not tested here),,,,,,,,,,,,,,
   Impact: No change,,,,,,,,,,,,,,
,,,,,,,,,,,,,,
NEW USE CASE: COMPLEX REASONING TASKS,,,,,,,,,,,,,,
--------------------------------------,,,,,,,,,,,,,,
The o-series models enable NEW capabilities for your pipeline:,,,,,,,,,,,,,,
,,,,,,,,,,,,,,
6. REASONING-INTENSIVE VALIDATION,,,,,,,,,,,,,,
   NEW: o3-mini for logical consistency checking,,,,,,,,,,,,,,
   Use case: Validate entity relationships for logical contradictions,,,,,,,,,,,,,,
   Cost: $3.27/1M tokens,,,,,,,,,,,,,,
   When: Post-processing validation layer for critical documents,,,,,,,,,,,,,,
,,,,,,,,,,,,,,
7. MATHEMATICAL/QUANTITATIVE REASONING,,,,,,,,,,,,,,
   NEW: o3 or o4-mini for numerical claims validation,,,,,,,,,,,,,,
   Use case: Verify calculations, units, mathematical relationships in extracted data,,,,,,,,,,,,
   Cost: o3-mini = $3.27/1M, o4-mini = $3.61/1M, o3 = $6.55/1M,,,,,,,,,,,,
   When: Documents with heavy quantitative content,,,,,,,,,,,,,,
,,,,,,,,,,,,,,
PRODUCTION DEPLOYMENT STRATEGY (UPDATED),,,,,,,,,,,,,,
-----------------------------------------,,,,,,,,,,,,,,
Phase 1 (Immediate) - Low-risk cost optimization:,,,,,,,,,,,,,,
- Switch VLM processing to GPT-4o-mini,,,,,,,,,,,,,,
- Expected savings: ~$35-40K annually at 1M VLM calls,,,,,,,,,,,,,,
- Risk: Minimal (same model family, proven capability),,,,,,,,,,,,,
- DO NOT use o4-mini for VLM (79x more expensive with no quality benefit),,,,,,,,,,,,,,
,,,,,,,,,,,,,,
Phase 2 (1-2 weeks) - Quality improvement testing:,,,,,,,,,,,,,,
- A/B test Claude Sonnet 4 vs GPT-4o for entity/edge extraction,,,,,,,,,,,,,,
#NAME?, orphan triples, type mismatches,,,,,,,,,,,,
- If Sonnet 4 shows 10%+ quality improvement, justify 2x cost increase,,,,,,,,,,,,,
,,,,,,,,,,,,,,
Phase 3 (1 month) - Specialized model routing:,,,,,,,,,,,,,,
- Simple text reasoning: Claude Haiku 4.5 (fast + cheap),,,,,,,,,,,,,,
- Complex multimodal: GPT-4.1 or Claude Sonnet 4 (context + capability),,,,,,,,,,,,,,
- Critical extraction: Claude Opus 4 (maximum accuracy),,,,,,,,,,,,,,
- High-volume VLM: GPT-4o-mini (cost-efficient),,,,,,,,,,,,,,
#NAME?,,,,,,,,,,,,,,
,,,,,,,,,,,,,,
Phase 4 (Optional) - Reasoning validation layer:,,,,,,,,,,,,,,
#NAME?,,,,,,,,,,,,,,
#NAME?, relationship validation,,,,,,,,,,,,,
- Cost: Add $3.27/1M tokens for validated content,,,,,,,,,,,,,,
#NAME?,,,,,,,,,,,,,,
,,,,,,,,,,,,,,
O-SERIES MODELS: DETAILED ANALYSIS,,,,,,,,,,,,,,
-----------------------------------,,,,,,,,,,,,,,
**Status**: All three models NOW AVAILABLE and fully tested,,,,,,,,,,,,,,
,,,,,,,,,,,,,,
**Key Differences from Standard Models**:,,,,,,,,,,,,,,
1. API Parameters:,,,,,,,,,,,,,,
   - Use max_completion_tokens instead of max_tokens,,,,,,,,,,,,,,
   - No temperature control (fixed at 1.0),,,,,,,,,,,,,,
   - Same authentication and rate limits,,,,,,,,,,,,,,
,,,,,,,,,,,,,,
2. Response Characteristics:,,,,,,,,,,,,,,
   - Longer output tokens (50 vs 1 for simple prompts),,,,,,,,,,,,,,
   - Slower latency (1.7-2.7s vs 0.3-1.0s for standard models),,,,,,,,,,,,,,
"   - More ""thinking"" tokens generated",,,,,,,,,,,,,,
   - Higher reasoning depth,,,,,,,,,,,,,,
,,,,,,,,,,,,,,
3. Cost Structure:,,,,,,,,,,,,,,
   - o3-mini: $3.27/1M tokens (cheapest reasoning option),,,,,,,,,,,,,,
   - o4-mini: $3.61/1M tokens (only o-series with vision),,,,,,,,,,,,,,
   - o3: $6.55/1M tokens (full reasoning power),,,,,,,,,,,,,,
   - All more expensive than GPT-4o-mini ($0.17/1M) for equivalent tasks,,,,,,,,,,,,,,
   - Only cost-justified when reasoning depth is critical,,,,,,,,,,,,,,
,,,,,,,,,,,,,,
**When to Use O-Series**:,,,,,,,,,,,,,,
✓ Complex logical reasoning chains,,,,,,,,,,,,,,
✓ Mathematical proofs and calculations,,,,,,,,,,,,,,
✓ Multi-step problem solving,,,,,,,,,,,,,,
✓ Code analysis and debugging,,,,,,,,,,,,,,
✓ Logical consistency validation,,,,,,,,,,,,,,
✓ Ambiguous entity relationship resolution,,,,,,,,,,,,,,
,,,,,,,,,,,,,,
**When NOT to Use O-Series**:,,,,,,,,,,,,,,
✗ Simple classification tasks,,,,,,,,,,,,,,
✗ Standard VLM processing (use GPT-4o-mini),,,,,,,,,,,,,,
✗ Bulk text extraction,,,,,,,,,,,,,,
✗ Fast response requirements (<1s),,,,,,,,,,,,,,
✗ Cost-sensitive high-volume operations,,,,,,,,,,,,,,
,,,,,,,,,,,,,,
**Comparison to Your Current Models**:,,,,,,,,,,,,,,
| Task                  | Current    | O-Series Benefit | Recommendation     |,,,,,,,,,,,,,,
|-----------------------|------------|------------------|--------------------|,,,,,,,,,,,,,,
| VLM Processing        | GPT-4o     | None, 79x cost   | Avoid o-series     |,,,,,,,,,,,,,
| Entity Extraction     | GPT-4o     | Marginal, 8x cost| Use only for edge cases |,,,,,,,,,,,,,
| Claims Extraction     | GPT-4o     | Moderate, 8x cost| Consider for complex docs |,,,,,,,,,,,,,
| Chunking              | GPT-4o     | None, slower     | Avoid o-series     |,,,,,,,,,,,,,
| Logical Validation    | N/A        | High value       | NEW use case with o3-mini |,,,,,,,,,,,,,,
| Math Verification     | N/A        | High value       | NEW use case with o3 |,,,,,,,,,,,,,,
,,,,,,,,,,,,,,
RISK ASSESSMENT (UPDATED),,,,,,,,,,,,,,
--------------------------,,,,,,,,,,,,,,
[LOW RISK] GPT-4o-mini for VLM processing,,,,,,,,,,,,,,
#NAME?, proven capability,,,,,,,,,,,,,
- 94% cost savings,,,,,,,,,,,,,,
#NAME?,,,,,,,,,,,,,,
#NAME?,,,,,,,,,,,,,,
,,,,,,,,,,,,,,
[LOW RISK] GPT-4.1 for chunking,,,,,,,,,,,,,,
- Objectively better: faster (0.35s), cheaper, 7.8x more context,,,,,,,,,,,,
#NAME?, familiar API,,,,,,,,,,,,,
- 21% cost savings + 5x speed improvement,,,,,,,,,,,,,,
,,,,,,,,,,,,,,
[MEDIUM RISK] Claude Sonnet 4 for extraction,,,,,,,,,,,,,,
#NAME?, different output patterns,,,,,,,,,,,,,
#NAME?,,,,,,,,,,,,,,
- Potentially better quality but 2x cost,,,,,,,,,,,,,,
#NAME?,,,,,,,,,,,,,,
,,,,,,,,,,,,,,
[MEDIUM RISK] O-series for reasoning validation,,,,,,,,,,,,,,
#NAME?, unproven in your pipeline,,,,,,,,,,,,,
- Adds validation layer cost ($3.27/1M tokens),,,,,,,,,,,,,,
#NAME?,,,,,,,,,,,,,,
#NAME?,,,,,,,,,,,,,,
,,,,,,,,,,,,,,
[HIGH RISK] Claude Opus 4 for production,,,,,,,,,,,,,,
- 5-13x cost increase over current models,,,,,,,,,,,,,,
#NAME?,,,,,,,,,,,,,,
#NAME?,,,,,,,,,,,,,,
,,,,,,,,,,,,,,
[HIGH RISK] O-series replacement of standard models,,,,,,,,,,,,,,
- 8-79x cost increase depending on model/task,,,,,,,,,,,,,,
- No quality benefit for standard tasks (VLM, chunking),,,,,,,,,,,,,
#NAME?,,,,,,,,,,,,,,
#NAME?,,,,,,,,,,,,,,
,,,,,,,,,,,,,,
MODEL AVAILABILITY NOTES (UPDATED),,,,,,,,,,,,,,
-----------------------------------,,,,,,,,,,,,,,
GPT-5: Not available (requires org verification or doesn't exist yet),,,,,,,,,,,,,,
o-series (o3, o4-mini, o3-mini): ✓ NOW AVAILABLE,,,,,,,,,,,,
#NAME?,,,,,,,,,,,,,,
#NAME?,,,,,,,,,,,,,,
#NAME?,,,,,,,,,,,,,,
#NAME?, not general replacements,,,,,,,,,,,,,
,,,,,,,,,,,,,,
FINAL RECOMMENDATIONS (Priority Order - UPDATED),,,,,,,,,,,,,,
-------------------------------------------------,,,,,,,,,,,,,,
1. [IMMEDIATE] Switch VLM processing to GPT-4o-mini,,,,,,,,,,,,,,
   - Annual savings: $35-40K at scale,,,,,,,,,,,,,,
   - Implementation: Change 1 line in vlm_package_processor.py,,,,,,,,,,,,,,
   - Risk: Minimal,,,,,,,,,,,,,,
   - DO NOT use o4-mini for this (79x more expensive, no benefit),,,,,,,,,,,,,
,,,,,,,,,,,,,,
2. [IMMEDIATE] Upgrade LLM chunking to GPT-4.1,,,,,,,,,,,,,,
   - 1M context window enables better document-level reasoning,,,,,,,,,,,,,,
   - 21% cost reduction vs current GPT-4o,,,,,,,,,,,,,,
   - 5x faster response times (0.35s vs 1.75-2.8s),,,,,,,,,,,,,,
   - Objectively superior for chunking,,,,,,,,,,,,,,
   - Risk: Minimal (same provider, better specs),,,,,,,,,,,,,
,,,,,,,,,,,,,,
3. [HIGH PRIORITY] A/B test Claude Sonnet 4 for entity/edge extraction,,,,,,,,,,,,,,
   - Potential quality improvement for 2x cost,,,,,,,,,,,,,,
   - Test on 100-document sample,,,,,,,,,,,,,,
   - Measure extraction accuracy improvements,,,,,,,,,,,,,,
   - If 10%+ accuracy gain, justify cost increase,,,,,,,,,,,,,
,,,,,,,,,,,,,,
4. [MEDIUM PRIORITY] Pilot o3-mini for logical validation,,,,,,,,,,,,,,
   - NEW capability: post-processing validation layer,,,,,,,,,,,,,,
   - Cost: $3.27/1M tokens for logical consistency checks,,,,,,,,,,,,,,
   - Test on 50-document sample with complex entities,,,,,,,,,,,,,,
   - Measure: Orphan triple reduction, logical error detection,,,,,,,,,,,,,
   - If catches 5+ errors per 100 chunks, justify added cost,,,,,,,,,,,,,
,,,,,,,,,,,,,,
5. [LOW PRIORITY] Test Claude Opus 4 for claims extraction quality benchmark,,,,,,,,,,,,,,
   - Establish quality ceiling for hierarchical claims,,,,,,,,,,,,,,
   - Use as validation layer for high-value documents,,,,,,,,,,,,,,
   - Not for bulk processing (cost prohibitive),,,,,,,,,,,,,,
,,,,,,,,,,,,,,
6. [OPTIONAL] Implement multi-model routing layer,,,,,,,,,,,,,,
   - Simple tasks → Claude Haiku 4.5,,,,,,,,,,,,,,
   - Complex multimodal → GPT-4.1 or Claude Sonnet 4,,,,,,,,,,,,,,
   - Critical accuracy → Claude Opus 4,,,,,,,,,,,,,,
   - High-volume vision → GPT-4o-mini,,,,,,,,,,,,,,
   - Logical validation → o3-mini,,,,,,,,,,,,,,
   - Complex reasoning → o3,,,,,,,,,,,,,,
,,,,,,,,,,,,,,
CONFIDENCE SCORES (UPDATED),,,,,,,,,,,,,,
----------------------------,,,,,,,,,,,,,,
VLM switch to GPT-4o-mini: 95/100 (proven, low-risk, high-impact),,,,,,,,,,,,
Chunking upgrade to GPT-4.1: 95/100 (objectively better, straightforward),,,,,,,,,,,,,
Claude Sonnet 4 for extraction: 85/100 (needs validation, promising capability),,,,,,,,,,,,,
O3-mini for validation: 72/100 (new use case, requires testing),,,,,,,,,,,,,
Multi-model routing: 78/100 (complex implementation, requires careful testing),,,,,,,,,,,,,
,,,,,,,,,,,,,,
ANTI-RECOMMENDATIONS (Important),,,,,,,,,,,,,,
---------------------------------,,,,,,,,,,,,,,
✗ DO NOT use o4-mini for VLM processing (79x cost vs GPT-4o-mini, zero benefit),,,,,,,,,,,,,
✗ DO NOT replace GPT-4o with o3 for standard extraction (8x cost, marginal benefit),,,,,,,,,,,,,
✗ DO NOT use o-series for chunking (slower, no benefit),,,,,,,,,,,,,
✗ DO NOT use o-series for high-volume operations (cost prohibitive),,,,,,,,,,,,,,
✗ DO NOT assume o-series = better for all tasks (specialized tools only),,,,,,,,,,,,,,
,,,,,,,,,,,,,,
KEY INSIGHTS (UPDATED),,,,,,,,,,,,,,
-----------------------,,,,,,,,,,,,,,
1. **O-series models are specialized reasoning tools, not general replacements**,,,,,,,,,,,,,
   - 8-79x more expensive than standard models for equivalent simple tasks,,,,,,,,,,,,,,
   - Only justified when deep reasoning is genuinely needed,,,,,,,,,,,,,,
   - Slower response times make them unsuitable for high-throughput,,,,,,,,,,,,,,
,,,,,,,,,,,,,,
2. **Your biggest cost optimization: GPT-4o-mini for VLM (94% savings)**,,,,,,,,,,,,,,
   - This single change saves $35-40K annually at production scale,,,,,,,,,,,,,,
   - O4-mini would cost 79x more with zero quality benefit,,,,,,,,,,,,,,
   - Already proven in your pipeline,,,,,,,,,,,,,,
,,,,,,,,,,,,,,
3. **GPT-4.1 is objectively superior to GPT-4o for chunking**,,,,,,,,,,,,,,
   - 21% cheaper, 5x faster (0.35s vs 1.75s), 7.8x more context,,,,,,,,,,,,
   - Immediate upgrade with zero risk,,,,,,,,,,,,,,
,,,,,,,,,,,,,,
4. **O-series enables NEW capabilities (validation layer)**,,,,,,,,,,,,,,
   - Post-processing logical consistency checks,,,,,,,,,,,,,,
   - Mathematical/quantitative reasoning validation,,,,,,,,,,,,,,
   - Complex entity relationship disambiguation,,,,,,,,,,,,,,
   - Cost: $3.27-6.55/1M tokens for validation tasks,,,,,,,,,,,,,,
,,,,,,,,,,,,,,
5. **Model specialization achieves 70-80% cost reduction**,,,,,,,,,,,,,,
   - Bulk vision → GPT-4o-mini (94% cheaper),,,,,,,,,,,,,,
   - Large context reasoning → GPT-4.1 (21% cheaper, faster),,,,,,,,,,,,,
   - Hierarchical structure → Claude Sonnet 4 (potentially higher quality),,,,,,,,,,,,,,
   - Logical validation → o3-mini (new capability),,,,,,,,,,,,,,
,,,,,,,,,,,,,,
================================================================================,,,,,,,,,,,,,,
END OF REPORT,,,,,,,,,,,,,,
================================================================================,,,,,,,,,,,,,,
